japanese_expression,english_meaning,grammar_structure,labels,example_1,example_2,example_3,example_4,example_5
間(aida),while; during; between ~,"Meaning 意味 while; during; between ~
example sentences
vocabulary list
related grammar
Level: JLPT N4
How to use 使い方 Verb (dictionary form) 間 Noun + の Related Kanji 漢字 N5 Kanji: 間 (kan, aida) interval, space",jlpt_n4,"昨日は、家にいる間、ずっとテレビを見ていました。
kinou wa, ie ni iru aida, zutto terebi o miteimashita.
Yesterday, while I was home I watched TV the entire time.","日本にいる間は、毎日日本語を話すつもりです。
nihon ni iru aida wa, mainichi nihongo o hanasu tsumori desu.
I plan to speak Japanese everyday while I am in Japan.","サイクリングをしている間、ずっと雨が降っていました。
saikuringu o shiteiru aida, zutto ame ga futteimashita.
It rained the entire time I was cycling.","食事の間、彼女と一緒に映画を見ました。
shokuji no aida, kanojo to isshoni eiga o mimashita.
While eating dinner, I watched a movie together with my girlfriend.","学校にいる間は、スマホを使ってはいけません。
gakkou ni iru aida wa, sumaho o tsukatte wa ikemasen.
We can't use our smartphones while in school."
間に(aida ni),while; during~ something happened,"Meaning 意味 while; during~ something happened
example sentences
vocabulary list
related grammar
Level: JLPT N4
Tags: Japanese adverbs
How to use 使い方 Verb (casual, non-past) 間に Noun + の な-adjective + な い-adjective Related Kanji 漢字 N5 Kanji: 間 (kan, aida) interval, space",jlpt_n4,"夜の間に火事が起こった。
yoru no aida ni kaji ga okotta.
A fire broke out during the night.","知らない間に寝ていた。
shiranai aida ni neteita.
I fell asleep before I even realized it.","日本にいる間に、日本語が上手になりたいです。
nihon ni iru aida ni, nihongo ga jouzu ni naritai desu.
I want to get good at Japanese while I'm in Japan.","休みの間に漢字を200個覚えた。
yasumi no aida ni kanji o ni hyaku ko oboeta.
I memorized 200 kanji over the break.","先生がいない間にスマホを見ていた。
sensei ga inai aida ni, sumaho o miteita.
I looked at my smartphone while the teacher was gone."
あまり～ない(amari~nai),"not very, not much ~","Meaning 意味 not very, not much ~
example sentences
vocabulary list
related grammar
Level: JLPT N4
Tags: ～ない , Japanese adverbs , negative expressions
How to use 使い方 あまり い-adjective + い くない な-adjective + な じゃない Verb (ない form)",jlpt_n4,"私はあまり運動しない。
watashi wa amari undou shinai.
I don't really exercise.","日本語があまり分からない。
nihongo ga amari wakaranai.
I don't really understand Japanese.","ホラー映画はあまり見ない。
horaa eiga wa amari minai
I don't really watch horror movies.","彼はあまり速く走ることができない。
kare wa amari hayaku hashiru koto ga dekinai.
He can't run very fast.","この文法があまり分かりません。教えてください。
kono bunpo ga amari wakarimasen. Oshiete kudasai.
I don't understand this grammar very well, could you please explain it to me?"
後で(ato de),after~; later,"Meaning 意味 after~; later
example sentences
vocabulary list
related grammar
Level: JLPT N4
Tags: Japanese adverbs
How to use 使い方 Verb (た form) 後で あとで Noun + の Related Kanji 漢字 N5 Kanji: 後 (go, ato) behind, later",jlpt_n4,"図書館で宿題をしたあとで、帰ります。
toshokan de shukudai o shita ato de, kaerimasu.
I will head home after I finish my homework at the library.","晩ご飯の後でアイスを食べた。
bangohan no ato de aisu o tabeta
After dinner, I had some ice cream.","授業が終わった後で、部活に行く。
jugyou ga owatta ato de, bukatsu ni iku.
After classes finish, I will go to my club activities.","お酒を飲んだ後で、運転してはダメですよ！
osake o nonda ato de, unten shitewa dame desu yo.
Driving after drinking is not permitted.","昼ご飯を食べた後で、30分ほど昼寝をした。
hiru gohan o tabeta ato de, sanjuu pun hodo hirune o shita.
After eating dinner, I took a nap for about a half hour."
ば(ba),conditional form; If [A] then [B],"Meaning 意味 conditional form; If [A] then [B]
example sentences
vocabulary list
related grammar
Level: JLPT N4
Tags: Japanese particles , ば conditional form
How to use 使い方 special formatting rules (see below)",jlpt_n4,"このボタンを押せば、ドアが開きます。
kono botan o oseba, doa ga hirakimasu.
If you push this button, the door will open.","あなたが行けば、わたしも行くよ。
anata ga ikeba, watashi mo iku yo.
If you go, then I'm going too.","今すぐ出発すれば間に合うでしょう。
ima sugu shuppatsu sureba ma ni au deshou.
If you leave right away, you'll likely make it in time.","毎日練習をすれば、上手になるよ。
mainichi renshuu o sureba, jouzu ni naru yo.
If you practice everyday, you're going to improve!","数週間もすれば、みんな忘れるよ。
suushuukan mo sureba, minna wasureru yo.
Everyone will forget this in a few weeks."
場合は(baai wa),in the event of; in the case that ~,"Meaning 意味 in the event of; in the case that ~
example sentences
vocabulary list
related grammar
Level: JLPT N4
How to use 使い方 Verb (casual) 場合は ばあいは Noun + の な-adjective + な い-adjective Related Kanji 漢字 N4 Kanji: 場 (jou, ba) location N3 Kanji: 合 (gou, au) fit",jlpt_n4,"パスワードを忘れた場合は、こちらからご連絡ください。
pasuwaado o wasureta baai wa, kochira kara gorenraku kudasai.
If you forget your password, please contact us here.","火事の場合は、119をかけます。
kaji no baai wa, 119 o kakemasu.
In the event of a fire, call 119.","地震が起きた場合は、テーブルの下に潜ってください。
jishin ga okita baai wa, teeburu no shita ni mogutte kudasai.
In the case of an earthquake, cover yourself under a table.","避難する場合は、車を使わないで必ず歩きます。
hinan suru baai wa, kuruma o tsukawanaide kanarazu arukimasu.
In an evacuation, make sure to walk instead of use your car.","授業に間に合わない場合は、連絡してください。
jugyou ni ma ni awanai baai wa, renraku shite kudasai.
In the case that you will not make it to class on time, please contact us."
ばかり(bakari),only; nothing but ~,"Meaning 意味 only; nothing but ~
example sentences
vocabulary list
related grammar
Level: JLPT N4
Tags: Japanese particles , ばかり expressions
How to use 使い方 Noun ばかり Verb (て form)",jlpt_n4,"娘はテレビばかり見ている。
musume wa terebi bakari miteiru.
My daughter does nothing but watch TV.","彼はお金ばかり考えている。
kare wa o kane bakari kangaiteiru.
He only thinks about money.","甘いものばかり食べると太ります。
amaimono bakari taberu to futorimasu.
If you just eat sweets you're gonna gain weight.","嘘ばかりつく人が嫌いだ。
uso bakari tsuku hito ga kirai da.
I hate people who always lie.","得るものはなく、失うものばかりだ。
eru mono wa naku, ushinau mono bakari da.
You have nothing to gain, but everything to lose."
だけで(dake de),just by; just by doing,"Meaning 意味 just by; just by doing
example sentences
vocabulary list
related grammar
Level: JLPT N4
How to use 使い方 Verb (casual) だけで Noun",jlpt_n4,"あなたに会うだけで元気になる。
anata ni au dake de genki ni naru.
I get energetic from just meeting you.","あなたの写真を見るだけでうれしい。
anata no shashin o miru dake de ureshii.
I'm happy to just see your picture.","宿題のことを考えるだけでやる気がなくなります。
shukudai no koto o kangaeru dake de yaruki ga naku narimasu.
Just by thinking of my homework I start to lose motivation.","二人だけで少し話がしたい。
futari dake de sukoshi hanashi ga shitai.
I want to talk together just the two of us.","彼女のことを思うだけでドキドキする。
kanojo no koto o omou dake de doki doki suru.
I get worked up just thinking about her."
出す(dasu),"to begin to; to start to; to burst into; ... out (e.g. to jump out, to carry out)​","Meaning 意味 to begin to; to start to; to burst into; ... out (e.g. to jump out, to carry out)​
example sentences
vocabulary list
related grammar
Level: JLPT N4
Tags: stem form grammar
How to use 使い方 Verb ます (stem form) 出す だす Related Kanji 漢字 N5 Kanji: 出 (shutsu, deru) exit",jlpt_n4,"雨が急に降り出した。
ame ga kyuu ni furi dashita.
It suddenly started raining.","彼は店から飛び出した。
kare wa mise kara tobi dashita.
He dashed out of the store.","校長室へ呼び出された。
kouchoushitsu e yobi dasareta.
I was called into the principal's office.","それを運び出してくれますか。
sore o hakobi dashite kuremasu ka?
Would you please carry that out for me?","朝食後すぐに飛び出した。
choushoku go sugu ni tobi dashita.
I dashed out right after breakfast."
でも(demo),... or something; how about~,"Meaning 意味 ... or something; how about~
example sentences
vocabulary list
related grammar
Level: JLPT N4
Tags: Japanese particles
How to use 使い方 Noun でも",jlpt_n4,"水でも飲みますか？
mizu demo nomimasu ka?
Would you care for some water or something to drink?","牛丼でもしましょうか？
gyuudon demo shimashou ka?
Shall we go with something like the beef bowl?","寒いから、暖かいものでも飲みませんか。
samui kara, atatakai mono demo nomimasen ka.
It's a bit cold so why don't we get something warm to drink?","晩ご飯ならサラダでも作りましょうか？
bangohan nara sarada demo tsukuri mashouka?
Should I make a salad for dinner?","ちょっと時間があるからゲームでもしましょうか？
chotto jikan ga aru kara geemu demo shimashou ka？
We have a little time, let’s play games or something？"
ではないか(dewa nai ka),right?; isn't it?,"Meaning 意味 right?; isn't it?
example sentences
vocabulary list
related grammar
Level: JLPT N4
Tags: ～か , ～ない
How to use 使い方 phrase ではないか ではありませんか",jlpt_n4,"トムではないか。
tomu dewa nai ka.
Well if it isn't Tom?","何ときれいではないか。
nanto kirei dewa nai ka.
How pretty!","すばらしい天気ではないか。
subarashii tenki dewa nai ka.
What wonderful weather we're having, eh?","明日は雨ではないかと思う。
ashita wa ame dewa nai ka to omou.
I think it will rain tomorrow.","彼は病気ではないかと思う。
kare wa byouki dewa nai ka to omou.
I suspect that he's sick."
がする(ga suru),to smell; hear; taste,"Meaning 意味 to smell; hear; taste
example sentences
vocabulary list
related grammar
Level: JLPT N4
How to use 使い方 Noun がする がします がしている",jlpt_n4,"甘い味がする。
amai aji ga suru.
It has a sweet taste.","人の声がする。
hito no koe ga suru.
I can hear someone's voice.","ガスの匂いがする。
gasu no nioi ga suru.
I smell gas.","このクッキーはしょうがの味がする。
kono kukkii wa shouga no aji ga suru.
I can taste ginger in this cookie.","このフルーツはどんな味がする？
kono furuutsu wa donna aji ga suru?
What kind of flavor does this fruit have?"
がる / がっている(garu / gatteiru),"to show signs of; to appear; to feel, to think ~","Meaning 意味 to show signs of; to appear; to feel, to think ~
example sentences
vocabulary list
related grammar
Level: JLPT N4
Tags: suffix
How to use 使い方 な-adjective がる がっている がった がらないで い-adjective い",jlpt_n4,"怖がらないでください。
kowa garanai de kudasai.
Please don't feel scared.","彼は死ぬのを怖がっている。
kare wa shinu no o kowa gatteiru.
He is afraid of death.","彼は彼女が欲しがるバッグを買ってあげた。
kare wa kanojo ga hoshi garu baggu o katte ageta.
He bought her the bag she wanted.","彼は負けて残念がっている。
kare wa makete zannen gatteiru.
He appears to be disappointed at his defeat.","恥ずかしがらないで、前に出てきてください。
hazukashi garanai de, mae ni dete kite kudasai.
Please don't feel shy and come up to the front."
始める(hajimeru),to start; to begin to ~,"Meaning 意味 to start; to begin to ~
example sentences
vocabulary list
related grammar
Level: JLPT N4
Tags: stem form grammar
How to use 使い方 Verb ます (stem form) はじめる はじめた はじめている Related Kanji 漢字 N4 Kanji: 始 (shi, hajimeru) begin",jlpt_n4,"食べ始める。
tabe hajimeru.
To begin eating.","雨が降り始めた。
ame ga furi hajimeta.
It started to rain.","いつそれをやり始めるの？
itsu sore o yari hajimeru no?
When will you start doing that?","今朝、歯が痛くなり始めた。
kesa, ha ga itaku nari hajimeta.
My tooth started hurting this morning.","私はまだ走り始めていない。
watashi wa mada hashiri hajimete inai.
I still haven't started running."
はずだ(hazu da),it must be; it should be (expectation),"Meaning 意味 it must be; it should be (expectation)
example sentences
vocabulary list
related grammar
Level: JLPT N4
How to use 使い方 Verb (dictionary form) はずだ Noun + の な-adjective + な い-adjective",jlpt_n4,"あなたなら分かるはずだ。
anata nara wakaru hazu da.
You should know this.","彼は今学校にいるはずだ。
kare wa ima gakkou ni iru hazu da.
He should be in school right now.","お父さんがそろそろ家に帰るはずだ。
otousan ga sorosoro ie ni kaeru hazu da.
Father should be returning home anytime now.","今日は祝日だから、銀行は休みのはずだ。
kyou wa shukujitsu dakara, ginkou wa yasumi no hazu da.
Today is a national holiday, so surely the banks are closed.","それは明らかなはずだ。
sore wa akirakana hazu da.
That should be obvious."
はずがない(hazu ga nai),cannot be (impossible),"Meaning 意味 cannot be (impossible)
example sentences
vocabulary list
related grammar
Level: JLPT N4
How to use 使い方 Verb (dictionary form) はずがない はずがありません Noun + の な-adjective + な い-adjective",jlpt_n4,"そんなはずがない。
sonna hazu ga nai.
That can't be true.","彼女の話は本当のはずがない。
kanojo no hanashi wa hontou no hazu ga nai.
Her story can't be true.","彼はそんなことを言うはずがない。
kare wa sonna koto o iu hazu ga nai.
He would never say such a thing.","ジョンが嘘をついているはずがない。
jon ga uso o tsuiteiru hazu ga nai.
There's no way that John is lying.","そんな大きな量を全部食べられるはずがない。
sonna ookina ryou o zenbu taberareru hazu ga nai.
There's no way you're going to be able to eat all of that."
意向形(ikou kei - volitional form),volitional form​; let's do ~,"Meaning 意味 volitional form​; let's do ~
example sentences
vocabulary list
related grammar
Level: JLPT N4
Tags: よう expressions
How to use 使い方 see conjugation rules below...",jlpt_n4,"今日から自転車で出勤しよう。
kyou kara jitensha de shukkin shiyou.
Let's start commuting by bicycle from today!","もう11時だ。早く寝よう。
mou 11 ji da. hayaku neyou.
It's already 11pm, let's hurry and go to sleep.","重たそうだね。手伝おうか。
omota sou da ne. tetsudaou ka?
That looks heavy, shall I give you a hand?","今日は食堂で昼食を食べよう。
kyou wa shokudou de chuushoku o tabeyou.
Let's eat lunch at the dining room today.","図書館で一緒に勉強しよう。
toshokan de issho ni benkyou shiyou.
Let's study together at the library."
いらっしゃる(irassharu),to be; to come; to go (polite version),"Meaning 意味 to be; to come; to go (polite version)
example sentences
vocabulary list
related grammar
Level: JLPT N4
How to use 使い方 いる (changes to) 来る (changes to) 行く (changes to) いらっしゃる Verb (て form) + いらっしゃる",jlpt_n4,"質問のある方はいらっしゃいませんか。
shitsumon no aru kata wa irasshaimasen ka.
Does anyone have any questions?","校長先生は図書館にいらっしゃいます。
kouchou sensei wa toshokan ni irasshaimasu.
The headmaster is in the library.","私たちと一緒にいらっしゃいませんか？
watashitachi to isshoni irasshaimasen ka?
Wouldn't you like to come with us?","先生、何時まで学校にいらっしゃいますか。
sensei, nanji made gakkou ni irasshaimasu ka.
Teacher, until what time will you remain at school?","先生はあなたを信じていらっしゃる。
sensei wa anata o shinjite irassharu.
Our teacher believes in you."
いたします(itashimasu),to do (polite form of する),"Meaning 意味 to do (polite form of する)
example sentences
vocabulary list
related grammar
Level: JLPT N4
How to use 使い方 する (changes to) いたす します (changes to) いたします お/ご + Verb ます (stem) いたします",jlpt_n4,"失礼いたします。
shitsurei itashimasu.
Excuse me.","この仕事は私がいたします。
kono shigoto wa watashi ga itashimasu.
I will do this job.","お席にご案内いたします。
oseki ni goannai itashimasu.
I’ll take you to your seat.","新幹線の予約は私がいたします。
shinkansen no yoyaku wa watashi ga itashimasu.
I’ll book the shinkansen bullet train tickets.","荷物は私が明日にお届けいたします。
nimotsu wa watashi ga ashita ni otodoke itashimasu.
I’ll send the luggage tomorrow."
じゃないか(janai ka),right? isn't it? let's~; confirmation,"Meaning 意味 right? isn't it? let's~; confirmation
example sentences
vocabulary list
related grammar
Level: JLPT N4
Tags: ～か , ～ない
How to use 使い方 phrase じゃないか",jlpt_n4,"行こうじゃないか。
ikou janai ka.
Let's go, shall we?","ダメじゃないか。
dame janai ka.
You should know that's no good / you can't do that.","だから言ったじゃないか！
dakara itta janai ka!
I told you so! (didn't I?)","今夜外食しようじゃないか。
konya gaishoku shiyou janai ka.
Let's go out for dinner tonight, shall we?","今日は元気そうじゃないか。
kyou wa genki sou janai ka.
Well aren't you looking quite energetic today?"
かどうか(ka dou ka),whether or not ~,"Meaning 意味 whether or not ~
example sentences
vocabulary list
related grammar
Level: JLPT N4
Tags: ～か , Japanese adverbs
How to use 使い方 Verb (casual form) かどうか Noun な-adjective い-adjective",jlpt_n4,"明日晴れるかどうか知らない。
ashita hareru ka dou ka shiranai.
I don't know if the weather will be clear or not tomorrow.","それが正しいかどうかわからない。
sore ga tadashii ka dou ka wakaranai.
I'm not sure if that is correct or not.","行くかどうか後で電話で知らせます。
iku ka douka atode denwa de shirasemasu.
Whether or not I go, I'll let you know later by phone.","おいしいかどうか食べないとわからない。
oishii ka douka tabenai to wakaranai.
We won't know if it's good or not until we eat it.","名前を書いたかどうか、もう一度チェックしてください。
namae o kaita ka douka, mou ichido chekku shite kudasai.
Please check again whether or not you wrote the name."
かしら(ka shira),I wonder (feminine),"Meaning 意味 I wonder (feminine)
example sentences
vocabulary list
related grammar
Level: JLPT N4
Tags: ～か , feminine Japanese , Japanese particles
How to use 使い方 phrase かしら",jlpt_n4,"本当かしら。
hontou ka shira.
I wonder if that's true.","どこへ行ったかしら。
doko e itta ka shira.
I wonder where they could have gone?","誰かしら。
dare ka shira.
I wonder who that is.","彼は本気かしら。
kare wa honki ka shira.
I wonder if he is serious.","明日は雨かしら。
ashita wa ame ka shira.
I wonder if it will rain tomorrow."
かい(kai),turns a sentence into a yes/no question,"Meaning 意味 turns a sentence into a yes/no question
example sentences
vocabulary list
related grammar
Level: JLPT N4
Tags: ～か , Japanese particles
How to use 使い方 Sentence かい",jlpt_n4,"歩けるかい？
arukeru kai?
Can you walk?","コーヒーいるかい？
koohii iru kai?
Do you want a coffee?","一緒にくるかい。
isshoni kuru kai.
Do you want to come along?","まだ終わってないのかい？
mada owatte nai no kai.
Aren’t you finished yet?","話してくれるかい？いったい何があったんだ？
hanashite kureru kai? ittai nani ga attan da?
Will you tell me the story? What happened?"
かもしれない(kamo shirenai),might; perhaps; indicates possibility,"Meaning 意味 might; perhaps; indicates possibility
example sentences
vocabulary list
related grammar
Level: JLPT N4
Tags: ～ない
How to use 使い方 Verb (casual form) かも かもしれない かもしれません Noun な-adjective い-adjective",jlpt_n4,"難しいかも。
muzukashii kamo.
This might be a bit difficult.","そうかもしれない。
sou kamo shirenai.
That may be the case.","病気かもしれない。
byouki kamo shirenai.
I might be sick...","午後から雨が降るかもしれない。
gogo kara ame ga furu kamo shirenai.
It might start raining in the afternoon.","来週、台風が来るかもしれない。
konshuu, taifuu ga kuru kamo shirenai.
A typhoon is possibly coming this week."
かな(kana),I wonder; should I?,"Meaning 意味 I wonder; should I?
example sentences
vocabulary list
related grammar
Level: JLPT N4
Tags: ～か , Japanese particles
How to use 使い方 Verb (casual form) かな Noun な-adjective い-adjective",jlpt_n4,"彼女は元気かな。
kanojo wa genki kana.
I wonder if she's doing well.","雨が降るかな。
ame ga furu kana.
I wonder if it's going to rain.","外は寒いかな。
soto wa samui kana.
I wonder if it's cold outside.","もう食べていいかな。
mou tabete ii kana.
I wonder if it's OK to start eating.","一緒に映画を見るのはどうかな？
isshoni eiga o miru no wa dou kana?
What do you think about going to see a movie together?"
から作る(kara tsukuru),made from; made with,"Meaning 意味 made from; made with
example sentences
vocabulary list
related grammar
Level: JLPT N4
Tags: から expressions
How to use 使い方 Noun + から 作る 作られる (passive form) 作られている Noun + で Related Kanji 漢字 N4 Kanji: 作 (saku, tsukuru) make",jlpt_n4,"ワインはブドウから作る。
wain wa budou kara tsukuru.
Wine is made from grapes.","紙は木から作られる。
kami wa ki kara tsukurareru.
Paper is made from wood.","酒は米で作る。
sake wa kome de tsukuru.
Sake (Japanese alcohol) is made from rice.","このつくえは木で作られています。
kono tsukue wa ki de tsukurarete imasu.
This desk was made from wood.","チーズは牛乳から作られますか？
chiizu wa gyuunyuu kara tsukurare masu ka?
Can you make cheese from milk?"
きっと(kitto),surely; undoubtedly; almost certainly; most likely,"Meaning 意味 surely; undoubtedly; almost certainly; most likely
example sentences
vocabulary list
related grammar
Level: JLPT N4
Tags: Japanese adverbs
How to use 使い方 きっと event action",jlpt_n4,"明日はきっと雨でしょう。
ashita wa kitto ame deshou.
It will likely rain tomorrow.","彼女はきっと来るよ。
kanojo wa kitto kuru yo.
I am certain she will come.","がんばって勉強したから、きっと明日のテストは大丈夫だよ。
ganbatte benkyou shita kara, kitto ashita no tesuto wa daijoubu da yo.
You studied really hard, so I'm sure tomorrow's test will be fine!","明日は、きっと晴れるでしょう。
ashita wa, kitto hareru deshou.
It will most likely be sunny tomorrow.","彼は私の親友だから、きっと私を助けてくれる。
kare wa watashi no shinyuu da kara, kitto watashi o tasukete kureru.
He's my best friend, so I'm positive he will help me."
頃(koro / goro),around; about; when,"Meaning 意味 around; about; when
example sentences
vocabulary list
related grammar
Level: JLPT N4
How to use 使い方 Noun (time) ごろ (around; about) Verb (casual) ころ (when) Noun + の Adjective Related Kanji 漢字 N1 Kanji: 頃 (kei, kyou, koro, goro, shibara(ku)) Meaning: time, about, toward",jlpt_n4,"夜の8時ごろ、うちに来てもらえるか？
yoru no hachiji goro, uchi ni kite moraeru ka？
Can you come by my place around eight p.m.?","私はこのころとても忙しいのです。
watashi wa kono koro totemo isogashii no desu.
I am very busy these days.","私は若いころ初めての一人旅をしました。
watashi wa wakai koro hajimete no hitori tabi o shimashita.
I traveled alone for the first time when I was young.","じゃ、僕は9時半ごろ迎えに来ればいいですね。
ja, boku wa kujihan goro mukae ni kureba ii desu ne.
OK, I’ll pick you up round about nine thirty. Is that right?","あなたは子供のころ、いじめにあったことはある？
anata wa kodomo no koro, ijime ni atta koto wa aru.
Did you ever experience bullying when you were a child?"
こと(koto),Verb nominalizer,"Meaning 意味 Verb nominalizer
example sentences
vocabulary list
related grammar
Level: JLPT N4
Tags: こと expressions
How to use 使い方 Verb (casual, non-past) こと",jlpt_n4,"本を読むことが好きです。
hon o yomu koto ga suki desu.
I like to read books.","私は料理を作ることが下手です。
watashi wa ryouri o tsukuru koto ga heta desu.
I am bad at cooking food.","私はゲームをすることが大好きです。
watashi wa geemu o suru koto ga daisuki desu.
I love playing games.","私には考えることがたくさんある。
watashi ni wa kangaeru koto ga takusan aru.
There are many things that we think about.","私の趣味は料理を作ることです。
watashi no shumi wa ryouri o tsukuru koto desu.
My hobby is cooking."
ことがある(koto ga aru),there are times when,"Meaning 意味 there are times when
example sentences
vocabulary list
related grammar
Level: JLPT N4
Tags: こと expressions
How to use 使い方 Verb (casual, non-past) ことがある こともある ことがあります こともあります",jlpt_n4,"たまに彼女と一緒にテニスをしに行くことがある。
tamani kanojo to isshoni tenisu o shini iku koto ga aru.
Sometimes I go to play tennis with my girlfriend.","たまに自転車で通勤することがある。
tamani jitensha de tsuukin suru koto ga aru.
Sometimes I commute to work by bicycle.","私は会議中でも、寝てしまうことがある。
watashi wa kaigichuu demo, nete shimau koto ga aru.
Sometimes I fall asleep during meetings.","時々仕事をやめたいと思うことがある。
tokidoki shigoto o yametai to omou koto ga aru.
There are times when I feel like quitting my job.","私の地元は6月でも寒いことがある。
watashi no jimoto wa roku gatsu demo samui koto ga aru.
In my hometown there are times where it is cold even in June."
ことができる(koto ga dekiru),can; able to,"Meaning 意味 can; able to
example sentences
vocabulary list
related grammar
Level: JLPT N4
Tags: こと expressions
How to use 使い方 Verb (dictionary form) ことができる ことができない ことができます ことができません",jlpt_n4,"私は日本語を話すことができる。
watashi wa nihongo o hanasu koto ga dekiru.
I can speak Japanese.","彼女は歌うことができる。
kanojo wa utau koto ga dekiru.
She can sing.","このナイフはどんなものでも切ることができるよ。
kono naifu wa donna mono demo kiru koto ga dekiru yo.
This knife can cut through anything.","何も言うことができない。
nani mo iu koto ga dekinai.
I can't say anything.","私は嘘をつくことができない。
watashi wa uso o tsuku koto ga dekinai.
I'm not able to tell a lie."
ことになる(koto ni naru),It has been decided that..; it turns out that..,"Meaning 意味 It has been decided that..; it turns out that..
example sentences
vocabulary list
related grammar
Level: JLPT N4
Tags: こと expressions
How to use 使い方 Verb (dictionary form) Verb (ない form) ことになる",jlpt_n4,"入学式は4月1日に行うことになりました。
nyuugakushiki wa shigatsu tsuitachi ni okonau koto ni narimashita.
The entrance ceremony will be held on April 1st.","私の母が入院することになった。
watashi no haha ga nyuuin suru koto ni natta.
My mother has been hospitalized.","大阪に転勤することになりました。
oosaka ni tenkin suru koto ni narimashita.
It's been decided that I'll be transferring to Osaka for work.","どうしてそれを学ぶことになったの？
doushite sore o manabu koto ni natta no?
How did you come to learn that?","両親は離婚ということになった。
ryoushin wa rikon toiu koto ni natta.
My parents ended up deciding to get a divorce."
ことにする(koto ni suru),to decide on,"Meaning 意味 to decide on
example sentences
vocabulary list
related grammar
Level: JLPT N4
Tags: こと expressions
How to use 使い方 Verb (dictionary form) Verb )ない form) ことにする ことにします ことにしている ことにしています",jlpt_n4,"これから毎日ランニングをすることにする。
kore kara mainichi ranningu o suru koto ni suru.
I've decided to go running every day from now on.","タバコをやめることにした。
tabako o yameru koto ni shita.
I've decided to quit smoking.","春休みに彼女と一緒に台湾に行くことにします。
haruyasumi ni okusan to isshoni taiwan ni iku koto ni shimasu.
I've decided to go to Taiwan with my girlfriend during spring break.","寝る前に食べないことにした。
neru mae ni tabenai koto ni shimashita.
I've decided to stop eating before going to bed.","毎朝、30分ジョギングすることにしています。
maiasa, 30 pun jogingu suru koto ni shite imasu.
I've decided to go jogging every morning for 30 minutes."
くする(ku suru),to make something ~,"Meaning 意味 to make something ~
example sentences
vocabulary list
related grammar
Level: JLPT N4
Tags: Japanese adverbs
How to use 使い方 い-adjective い くする くします くして",jlpt_n4,"音楽でもっと良くする。
ongaku de motto yoku suru.
Make it better with music.","あと５００円安くしてくれたら、買いますよ。
ato go hyaku en yasuku shite kure tara, kaimasu yo.
I'll buy it if you make it 500 yen cheaper.","彼女は声を大きくした。
kanojo wa koe o ookiku shita.
She raised her voice.","電気をつけて、部屋を明るくしましょう。
denki o tsukete, heya o akaruku shimashou.
Let's turn on the lights and make the room brighter.","部屋が暑いので、エアコンをつけて涼しくします。
heya ga atsui no de, eakon o tsukete suzushiku shimasu.
This room is a bit hot so I'll turn on the air conditioning to make it cooler."
急に(kyuu ni),quickly; immediately; hastily; suddenly; abruptly; unexpectedly ~,"Meaning 意味 quickly; immediately; hastily; suddenly; abruptly; unexpectedly ~
example sentences
vocabulary list
related grammar
Level: JLPT N4
Tags: Japanese adverbs
How to use 使い方 急に Phrase Related Kanji 漢字 N4 Kanji: 急 (kyuu, isogu) hurry",jlpt_n4,"急に雨が降り始めました。
kyuu ni ame ga furi hajimemashita.
It suddenly started raining.","雨は急にやんだ。
ame wa kyuu ni yanda.
The rain suddenly stopped.","その車は急に曲がった。
sono kuruma wa kyuu ni magatta.
That car made an abrupt turn.","今日は急に涼しくなった。
kyou wa kyuu ni suzushiku natta.
It suddenly got a bit cooler today.","その子は急に泣き出した。
sono ko wa kyuu ni naki dashita.
That child suddenly started crying."
まま(mama),as it is; current state; without changing,"Meaning 意味 as it is; current state; without changing
example sentences
vocabulary list
related grammar
Level: JLPT N4
Tags: without
How to use 使い方 Noun + の まま Verb (た form) Verb (ない form) な-adjective + な い-adjective",jlpt_n4,"この町は昔のまま変わっていない。
kono machi mukashi no mama kawatteinai.
This town hasn't changed at all.","この野菜は、生のままで食べてもおいしいですよ。
kono yasai wa, nama no mama de tabetemo oishii desu yo.
These vegetables taste good even raw.","どうぞ靴のまま、お入りください。
douzo kutsu no mama, o hairi kudasai.
Please enter with your shoes on.","その格好のままでこのレストランに入れないよ。
sono kakkou no mama de kono resutoran ni hairenai yo.
You can't enter this restaurant with those clothes..","昨夜は、勉強したまま寝てしまった。
sakuya wa, benkyou shita mama nete shimatta.
Last night, I fell asleep while studying."
または(matawa),both; or; otherwise​; choice between [A] or [B],"Meaning 意味 both; or; otherwise​; choice between [A] or [B]
example sentences
vocabulary list
related grammar
Level: JLPT N4
Tags: Japanese conjunctions
How to use 使い方 Noun-1 又は または Noun-2 Related Kanji 漢字 N1 Kanji: 又 (yuu, mata, mata-, mata(no-)) Meaning: or again, furthermore, on the other hand",jlpt_n4,"コーヒーまたはお茶からお選びください。
koohii matawa ocha kara o erabi kudasai.
Please choose from either coffee or tea.","日本語または英語で話せます。
nihongo matawa eigo de hanasemasu.
I can speak both Japanese and English.","電話またはメールで返事してください。
denwa matawa meeru de henji shite kudasai.
Please respond either by phone or email.","会場には駐車場がありません。電車又はバスをご利用ください。
kaijou ni wa chuushajou ga arimasen. densha matawa basu o goriyou kudasai.
There is no parking lot at the event location. Please come either by train or bus.","A社と契約するのか、またはB社と契約するのか、今週中に決めなければならない。
Aしゃとけいやくするのか、またはBしゃとけいやくするのか、こんしゅうじゅうにきめなければならない。
A sha to keiyaku suru no ka, matawa B sha to keiyaku suru no ka, konshuujuu ni kimenakareba naranai."
みたいだ(mitai da),like; similar to; resembling ~,"Meaning 意味 like; similar to; resembling ~
example sentences
vocabulary list
related grammar
Level: JLPT N4
How to use 使い方 Verb (casual) みたい（だ） Noun + （だった） な-adjective + （だった） い-adjective",jlpt_n4,"夢みたいだ。
yume mitai da.
It's like a dream come true.","外は、夏みたいだよ。
soto wa, natsu mitai da yo.
It's like summer outside.","何となく雨みたいだ。
nantonaku ame mitai da.
It looks like it's going to rain.","彼は少し疲れてるみたいだ。
kare was sukoshi tsukareteru mitai da.
He looks a little tired.","どうやら食べすぎたみたいだ。
douyara tabesugita mitai da.
I'm afraid I've eaten too much."
みたいな(mitai na),"like, similar to ~","Meaning 意味 like, similar to ~
example sentences
vocabulary list
related grammar
Level: JLPT N4
How to use 使い方 Noun みたいな + Noun Verb (casual form)",jlpt_n4,"私は、今日みたいな日が好きだ。
watashi wa, kyou mitai na hi ga suki da.
I like days like today.","私たちは家族みたいなものだ。
watashi tachi wa kazoku mitai na mono da.
We are like family.","あなたみたいな人はすごいと思う。
anata mitai na hito wa sugoi to omou.
I think people like you are great.","こんな子どもみたいなけんかはやめよう。
konna kodomo mitai na kenka wa yameyou.
Let's stop this childish fight.","彼女は男みたいな歩き方をする。
kanojo wa otoko mitai na aruki kata o suru.
She walks like a man."
みたいに(mitai ni),like; similar to ~,"Meaning 意味 like; similar to ~
example sentences
vocabulary list
related grammar
Level: JLPT N4
Tags: Japanese adverbs
How to use 使い方 Verb (casual) みたいに + Verb / Adjective Noun",jlpt_n4,"子どもみたいに遊んだ。
kodomo mitai ni asonda.
I played like a kid.","私はお母さんみたいになりたい。
watashi wa okaasan mitai ni naritai.
I want to become like my mother.","彼女は男の子みたいに元気がいい。
kanojo wa otokonoko mitai ni genki ga ii.
She is energetic like a boy.","あなたみたいに美しい人は初めてだ。
anata mitai ni utsukushii hito wa hajimete da.
I've never seen anyone as beautiful as you.","彼女の心は氷みたいに冷たい。
kanojo no kokoro wa koori mitai ni tsumetai.
Her heart is as cold as ice."
な(na),don’t ~ (order somebody to not do something),"Meaning 意味 don’t ~ (order somebody to not do something)
example sentences
vocabulary list
related grammar
Level: JLPT N4
Tags: Japanese particles
How to use 使い方 Verb (dictionary form) な",jlpt_n4,"晩ごはんの前にデザートを食べるな。
bangohan no mae ni dezaato o taberu na.
Don't eat dessert before dinner!","ここは危ないから来るな！
koko wa abunai kara kuru na!
It's dangerous here, so stay away!","運転をするなら飲むな。
unten o suru nara nomu na.
If you're going to drive, don't drink.","大きな声を出すな。
ookina koe o dasu na.
Keep your voice down.","窓から外を見るな。勉強に集中しなさい。
mado kara soto o miru na. benkyou ni shuuchuu shinasai.
Don't look out the window. Concentrate on your work."
など(nado),such as; things like ~,"Meaning 意味 such as; things like ~
example sentences
vocabulary list
related grammar
Level: JLPT N4
Tags: Japanese particles
How to use 使い方 Noun など",jlpt_n4,"私は小説や映画などが好きです。
watashi wa shousetsu ya eiga nado ga suki desu.
I like things like novels, movies, and so on.","私はノート、ペンなどが必要だ。
watashi wa nooto, pen nado ga hitsuyou da.
I need pens, notebooks and so on.","私はとても車などは買えない。
watashi wa totemo kuruma nado wa kaenai.
I can't afford to buy a car (or anything like it).","兄の部屋にはラジオやテレビなどがたくさんあります。
ani no heya niwa rajio ya terebi nado ga takusan arimasu.
In my older brother's room, he has a lot of things like a radio, tv, etc..","この動物園には好きな動物がたくさんいます。馬やイルカなどいます。
kono doubutsuen niwa suki na doubutsu ga takusan imasu. uma ya iruka nado imasu.
This zoo has a lot of animals that I like. Things like horses and dolphins, etc."
ながら(nagara),while; during; as; simultaneously,"Meaning 意味 while; during; as; simultaneously
example sentences
vocabulary list
related grammar
Level: JLPT N4
Tags: Japanese particles , stem form grammar
How to use 使い方 Verb ます (stem form) ながら + [B]",jlpt_n4,"話を聞きながらメモします。
hanashi o kikinagara memo shimasu.
I took notes while listening to the story.","歩きながら話しましょう。
aruki nagara hanashimashou.
Let's talk while walking.","テレビを見ながら晩ごはんを食べます。
terebi o mi nagara bangohan o tabemasu.
I eat dinner while watching TV.","音楽を聞きながら料理します。
ongaku o kikinagara ryouri shimasu.
I listen to music while I cook.","勉強をしながら音楽を聞きます。
benkyou o shi nagara ongaku o kikimasu.
I listen to music while I study."
なければいけない(nakereba ikenai),must do something; have to do something,"Meaning 意味 must do something; have to do something
example sentences
vocabulary list
related grammar
Level: JLPT N4
Tags: ～ない , expressing must do
How to use 使い方 Verb (ない form) な い ければいけない ければいけません",jlpt_n4,"早く寝なければいけない。
hayaku nenakereba ikenai.
I have to go to sleep early.","私も頑張らなければいけない。
watashi mo ganbaranakereba ikenai.
I have to do my best too.","私はすぐ答えなければいけない。
watashi wa sugu kotaenakereba ikenai.
I must answer right away.","私は友人をもっと信頼しなければいけない。
watashi wa yuujin o motto shinrai shinakereba ikenai.
I must place more trust in my friends.","あなたはお昼までに宿題を終わらせなければいけない。
anata wa o hiru made ni shukudai o owarasenakereba ikenai.
You need to finish your homework by noon."
なければならない(nakereba naranai),must do something; have to do something,"Meaning 意味 must do something; have to do something
example sentences
vocabulary list
related grammar
Level: JLPT N4
Tags: ～ない , expressing must do
How to use 使い方 Verb (ない form) な い ければならない ければなりません",jlpt_n4,"薬を飲まなければなりません。
kusuri o noma nakereba narimasen.
I/you need to take my/your medicine.","宿題をしなければならない。
shukudai o shi nakereba naranai.
I/you need to do my/your homework.","今そこに行かなければなりませんか。
ima soko ni ikana kereba narimasen ka.
Do I have to go there now?","母を手伝わなければならない。
haha o tetsudawa nakereba naranai.
I have to help my mom.","明日は早起きしなければならない。
ashita wa hayaoki shinakereba naranai.
I have to get up early tomorrow."
なら(nara),if; in the case that ~,"Meaning 意味 if; in the case that ~
example sentences
vocabulary list
related grammar
Level: JLPT N4
Tags: auxiliary , Japanese conjunctions , Japanese particles
How to use 使い方 Verb (casual form) + (の) なら Noun な-adjective + (の) い-adjective + (の)",jlpt_n4,"もし違うなら。
moshi chigau nara.
What if you're wrong?","それなら問題ありません。
sore nara mondai arimasen.
If that's the case, then there are no problems.","やるなら今しかない。
yaru nara ima shika nai.
If you're gonna do it, it's now or never.","日本語を習いたいのなら、いい先生を紹介してあげる。
nihongo o naraitai no nara, ii sensei o shoukai shite ageru.
If you want to learn Japanese I can introduce you to a good teacher.","君なら必ずできる。
kimi nara kanarazu dekiru.
Since it's you, you can definitely do it!"
なさい(nasai),do this (soft/firm command),"Meaning 意味 do this (soft/firm command)
example sentences
vocabulary list
related grammar
Level: JLPT N4
Tags: command form expressions
How to use 使い方 Verb ます (stem form) なさい な (conversation)",jlpt_n4,"まず、質問に答えなさい。
mazu, shitsumon ni kotaenasai.
First, answer my question.","明日、学校に行くから、早く寝なさい！
ashita, gakkou ni iku kara, hayaku ne nasai!
You've got school tomorrow so hurry up and go to bed.","うるさいだよ。静かにしなさい！
urusai da yo. shizuka ni shi nasai!
You're being really noisy, be quiet!","野菜は体にいいからもっと食べなさい！
yasai wa karada ni ii kara motto tabe nasai!
Vegetables are good for your body, so eat up.","明日の9時に私に電話しなさい！
ashita no 9 ji ni watashi ni denwa shi nasai!
Give me a call tomorrow at 9 o'clock."
なさる(nasaru),to do (honorific),"Meaning 意味 to do (honorific)
example sentences
vocabulary list
related grammar
Level: JLPT N4
Tags: honorific expressions
How to use 使い方 する (changes to) なさる します (changes to) なさいます して (changes to) なさって",jlpt_n4,"それからどうなさいました？
sore kara dou nasai mashita?
What happened after that?","お飲み物は何になさいますか？
onomimono wa nani ni nasaimasu ka.
What would you like to drink?","どうかなさいましたか？
dou ka nasai mashita ka?
Is there something wrong?","今年の夏休みはどうなさるつもりですか。
kotoshi no natsuyasumi wa dou nasaru tsumori desu ka.
What will you do this summer holiday?","その損を私のせいになさろうとするんですか。
sono son o watashi no sei ni nasarou to surun desu ka.
Are you blaming me for this loss?"
に気がつく(ni ki ga tsuku),to notice; to realize,"Meaning 意味 to notice; to realize
example sentences
vocabulary list
related grammar
Level: JLPT N4
How to use 使い方 Verb (casual) + こと に気がつく に気がついた Noun Related Kanji 漢字 N5 Kanji: 気 (ki) spirit, air",jlpt_n4,"彼女は電車の中にカサを忘れたことに気がついた。
kanojo wa densha no naka ni kasa o wasureta koto ni ki ga tsuita.
She realized she had left her umbrella inside the train.","私はタクシーを降りる時、財布がないことに気がついた。
watashi wa takushii o oriru toki, saifu ga nai koto ni ki ga tsuita.
When I got out of the taxi, I realized I didn't have my wallet.","彼が自分の間違いに気がつくのは時間をかからないだろう。
kare ga jibun no machigai ni ki ga tsuku no wa jikan o kakaranai darou.
It likely won't take much time for him to realize his own mistake.","空港に着いたときにフライトのチケットを忘れたことに気がついた。
kukou ni tsuita toki ni furaito no chiketto o wasureta koto ni ki ga tsuita.
When I arrived at the airport, I realized that I had forgotten my flight ticket.","ドアを閉めてから、ベッドに携帯電話を置いていたことに気がついた。
doa o shimete kara, beddo ni keitai denwa o oiteita koto ni ki ga tsuita.
After shutting the door, I realized I had left my cell phone on my bed."
に見える(ni mieru),to look; to seem; to appear,"Meaning 意味 to look; to seem; to appear
example sentences
vocabulary list
related grammar
Level: JLPT N4
How to use 使い方 Verb (て form) 見える みえる Verb (casual, non-past) + ように Noun +（のよう）に な-adjective + に い-adjective + い く",jlpt_n4,"同じに見える。
onaji ni mieru.
They look the same.","彼はアメリカ人に見える。
kare wa amerika jin ni mieru.
He looks like he is American.","彼女は先生にみえる。
kanojo wa sensei ni mieru.
She looks like a teacher.","その人はとてもお金持ちにみえる。
sono hito wa totemo okane mochi ni mieru.
That person appears to be very rich.","寝てないように見える。
netenai you ni mieru.
You look like you didn't sleep much."
にする(ni suru),to make something ~,"Meaning 意味 to make something ~
example sentences
vocabulary list
related grammar
Level: JLPT N4
How to use 使い方 な-adjective な にする にします にして にした",jlpt_n4,"もう少し、静かにしてください。
mou sukoshi, shizukani shite kudasai.
Please be a bit more quiet.","この写真を大切にする。
kono shashin o taisetsu ni suru.
I will treasure this picture.","歯医者は私の歯をきれいにした。
haisha wa watashi no ha o kirei ni shita.
The dentist cleaned my teeth.","先生は、テストをもっと簡単にしました。
sensei wa, tesuto o motto kantan ni shimashita.
The teacher made the test easier.","この絵は彼女を有名にするでしょう。
kono e wa kanojo o yuumei ni suru deshou.
This picture will probably make her famous."
にくい(nikui),difficult to do ~,"Meaning 意味 difficult to do ~
example sentences
vocabulary list
related grammar
Level: JLPT N4
Tags: stem form grammar , suffix
How to use 使い方 Verb ます (stem form) にくい",jlpt_n4,"この質問には答えにくいです。
kono shitsumon niwa kotaenikui desu.
This question is difficult to answer.","この本は字が小さくて読みにくいです。
kono hon wa ji ga chiisakute yomi nikui desu.
This books print is too small, it's difficult to read.","この漢字は覚えにくいです。
kono kanji wa oboe nikui desu.
This kanji is difficult to remember.","この自転車は古くて乗りにくいです。
kono jitensha wa furukute norinikui desu.
This bicycle is old and difficult to ride.","魚は骨が多くて食べにくいだ。
sakana wa hone ga ookute tabe nikui da.
Fish have a bunch of bones and are difficult to eat."
の中で(no naka de),in; among ~,"Meaning 意味 in; among ~
example sentences
vocabulary list
related grammar
Level: JLPT N4
Tags: Japanese adverbs
How to use 使い方 Noun の中で",jlpt_n4,"心の中ではこれを分かっていた。
kokoro no naka de kore o wakatteita.
I know this in my heart.","病院の中で、待ちますか。
byouin no naka de, machimasu ka?
Will you wait inside the hospital?","私は今日は車の中で寝ました。
watashi wa kyou wa kuruma no naka de nemashita.
I slept in my car today.","私は頭の中でも日本語で考える。
watashi wa atama no naka demo nihongo de kangaeru.
I even think in Japanese.","私は季節の中で秋が好きです。
watashi wa kisetsu no naka de aki ga suki desu.
Out of all the seasons, I like autumn."
のに(noni),"although, in spite of, even though ~","Meaning 意味 although, in spite of, even though ~
example sentences
vocabulary list
related grammar
Level: JLPT N4
Tags: Japanese conjunctions , Japanese particles
How to use 使い方 Verb (casual form) のに Noun + な な-adjective + な い-adjective",jlpt_n4,"まだ20時なのに、とても眠い。
mada 20 ji nano ni, totemo nemui.
I'm really tired even though it's still only 8PM.","なぜ、彼らは冬なのに泳ぐのでしょうか？
naze, karera wa fuyu na noni oyogu no deshou ka.
Why will they swim even though it's winter?","約束をしたのに、彼女は来ませんでした。
yakusoku o shita noni, kanojo wa kimasen deshita.
Even though she promised, she didn't come..","今日は日曜日なのに、働かなければなりません。
kyou wa nichiyoubi na noni, hataraka nakereba narimasen.
I have to work today even though it is Sunday..","彼女がきれいなのに彼氏がいません。
kanojo ga kirei na noni kareshi ga imasen.
Although she is very beautiful, she doesn't have a boyfriend."
のに(noni),to (do something); in order to ~,"Meaning 意味 to (do something); in order to ~
example sentences
vocabulary list
related grammar
Level: JLPT N4
Tags: Japanese particles
How to use 使い方 Verb (dictionary form) のに",jlpt_n4,"始めるのに遅すぎることはない。
hajimeru no ni ososugiru koto wa nai.
It's never too late to start.","家に帰るのに3時間かかりました。
ie ni kaeru noni sanjikan kakarimashita.
It took 3 hours to return home.","本を読むのに時間がかかる。
hon o yomu no ni jikan ga kakaru.
Reading books takes time.","勉強するのに、それが必要だ。
benkyou suru no ni, sore ga hitsuyou da.
I need it to study.","考えるのにも疲れたし。
kangaeru noni mo tsukareta shi.
I am tired of thinking."
のは〜だ(nowa~da),[A] is [B]; the reason for [A] is [B],"Meaning 意味 [A] is [B]; the reason for [A] is [B]
example sentences
vocabulary list
related grammar
Level: JLPT N4
Tags: Japanese particles
How to use 使い方 Verb (casual) のは ～だ ～です Noun + な な-adjective + な い-adjective",jlpt_n4,"毎日、新しい単語を覚えるのは大変です。
mainichi, atarashii tango o oboeru nowa taihen desu.
It is difficult to memorize new vocabulary every day.","私たちは結婚を決めたのは子どもができたからです。
watashi tachi wa kekkon o kimeta nowa kodomo ga dekita kara desu.
We decided to get married because we were going to have a baby.","私が生まれたのは北海道の小さな村です。
watashi ga umareta nowa hokkaidou no chiisa na mura desu.
I was born in a small village in Hokkaido.","このメンバーの中に独身なのは田中さんだけです。
kono menbaa no naka ni dokushin na nowa Tanaka san dake desu.
From these members, the only one who is single is Tanaka.","会議が始まるのは10時です。忘れないようにメモしたほうがいいよ。
kaigi ga hajimaru nowa 10 ji desu. wasurenai youni memo shita hou ga ii yo.
The meeting begins at 10 o'clock. It would be best to write a memo so you don't forget."
お～ください(o~kudasai),please do ~ (honorific),"Meaning 意味 please do ~ (honorific)
example sentences
vocabulary list
related grammar
Level: JLPT N4
Tags: honorific expressions , stem form grammar
How to use 使い方 お + Verb ます (stem form) ください お/ご + Noun (action)",jlpt_n4,"ここでお待ちください。
koko de omachi kudasai.
Please wait here.","ここにお名前をお書きください。
koko ni onamae o okaki kudasai.
Please write your name here.","それを水と一緒にお飲みください。
sore o mizu to issho ni onomi kudasai.
Take that together with water.","あちらからお入りください。
achira kara ohairi kudasai.
Please enter from over there.","このボールペンをお使いください。
kono poorupen o otsukai kudasai.
Please use this ball pen."
お～になる(o~ni naru),to do (honorific),"Meaning 意味 to do (honorific)
example sentences
vocabulary list
related grammar
Level: JLPT N4
Tags: honorific expressions , stem form grammar
How to use 使い方 お + Verb ます (stem form) になる になります お/ご + Noun",jlpt_n4,"何をお飲みになりますか。
nani o onomi ni narimasu ka.
What would you like to have to drink?","お座りになりませんか。
osuwari ni narimasen ka?
Do you want to sit down?","先生は何時ごろお戻りになりますか?
sensei wa nanji goro omodori ni narimasuka?
Teacher, around what time will you return?","何をお食べになるのですか。
nani o otabe ni naru no desu ka.
What will you have to eat?","どうか、ぜひお入りになってください。
douka, zehi ohairi ni natte kudasai.
Do come in, please."
おきに(oki ni),"repeated at intervals, every ~","Meaning 意味 repeated at intervals, every ~
example sentences
vocabulary list
related grammar
Level: JLPT N4
Tags: suffix
How to use 使い方 Noun (measurable) おきに",jlpt_n4,"電車は5分おきに走っています。
densha wa 5 fun oki ni hashitteimasu.
The trains run every five minutes.","このバスは15分おきに出ている
kono basu wa 15 fun okini dete iru.
This bus leaves every 15 minutes.","彼は数日おきに来る。
kare wa suujitsu oki ni kuru.
He comes here every few days.","この道には5メートルおきに木が植えられている.
kono michi niwa 5 meetoru okini ki ga uerarete iru.
Trees align this road every 5 meters.","この薬は2時間おきに飲んでください。
kono kusuri wa 2 jikan okini nonde kudasai.
Take this medicine every 2 hours."
終わる(owaru),to finish; to end~,"Meaning 意味 to finish; to end~
example sentences
vocabulary list
related grammar
Level: JLPT N4
Tags: stem form grammar
How to use 使い方 Verb ます (stem form) 終わる 終わらない 終わった etc.. Related Kanji 漢字 N4 Kanji: 終 (shuu, owaru) end, finish",jlpt_n4,"みんなが朝食を食べ終わるまで待ちましょう。
minnna ga choushoku o tabe owaru made machimashou.
Let's wait until everyone has finished eating breakfast.","そのゲームをやり終わるまでに5時間くらいかかる。
sono geemu o yari owaru made ni 5 jikan kurai kakaru.
It takes about 5 hours to finish that game.","彼が話し終わるとみんな黙っていた。
kare ga hanashi owaru to minna damatteita.
There was silence when he finished speaking.","仕事をし終わったらすぐ行く。
shigoto o shi owattara sugu iku.
I'll go/come as soon as I finish work.","パソコンを使い終わったら、シャットダウンをしてください。
pasokon o tsukai owattara, shatto daun o shite kudasai.
Once you've finished using the computer, please turn it off."
らしい(rashii),it seems like; I heard; apparently ~,"Meaning 意味 it seems like; I heard; apparently ~
example sentences
vocabulary list
related grammar
Level: JLPT N4
Tags: suffix
How to use 使い方 Verb (casual form) らしい らしく らしくない Noun な-adjective い-adjective",jlpt_n4,"雨らしい。
ame rashii.
It looks like rain / looks like it's gonna rain.","男らしい。
otoko rashii.
Manly (like a man)","女らしい。
onna rashii.
Womanly; feminine (like a woman)","学生らしくもっと勉強しなさい。
gakusei rashiku motto benkyou shina sai.
Study more like a real student.","今日は君らしくないな。
kyou wa kimi rashikunai na.
You don't seem like yourself today."
さ(sa),-ness​ ; nominalizer for adjective,"Meaning 意味 -ness​ ; nominalizer for adjective
example sentences
vocabulary list
related grammar
Level: JLPT N4
Tags: suffix
How to use 使い方 な-adjective さ い-adjective + い",jlpt_n4,"背の高さはどれぐらいですか？
se no takasa wa dore gurai desu ka?
How tall are you?","私は、ワサビの辛さが大好きです。
watashi wa, wasabi no karasa ga daisuki desu.
I love the spiciness of wasabi.","この池の深さはどのぐらいですか？
kono ike no fukasa wa dore gurai desu ka?
How deep is this pond?","新しい橋の長さは3,911メートルです。
atarashii hashi no nagasa wa 3,911 meetoru desu.
The length of the new bridge is 3,911 meters.","彼女の部屋の広さは畳で６畳くらいです。
kanojo no heya no hirosa wa tatami de 6 jou kurai desu.
The space of her room is about 6 tatami mats (unit of measurement for Japanese rooms)."
さっき(sakki),some time ago; just now,"Meaning 意味 some time ago; just now
example sentences
vocabulary list
related grammar
Level: JLPT N4
How to use 使い方 さっき Sentence",jlpt_n4,"さっきまで天気がよかったですが、今は大雨です。
sakki made tenki ga yokatta desu ga, ima wa ooame desu.
The weather was fine just a moment ago, but now there's heavy rain..","さっき起きたばかりで、まだ眠いです。
sakki okita bakari de, mada nemui desu.
I just woke up, but am still sleepy.","あなたはさっき何か言ったでしょうね。聞こえなかったからもう一回教えてくれる？
anata wa sakki nani ka itta deshou ne. kikoena katta kara mou ikkai oshiete kureru?
What did you say earlier? I couldn't hear you, so could you tell me one more time?","さっき覚えた漢字を、もう忘れてしまいました。
sakki oboeta kanji o, mou wasurete shimaimashita.
I've already forgotten the kanji I just memorized not too long ago.","ハサミが見あたらない。さっき見たときは、机の上にあったはずなのに。
hasami ga miataranai. Sakki mita toki wa, tsukue no ue ni atta hazu na noni.
I can't find the scissors.. I saw them just a little while ago on top of the desk, but..."
させられる(saserareru),causative-passive; to be made to do something,"Meaning 意味 causative-passive; to be made to do something
example sentences
vocabulary list
related grammar
Level: JLPT N4
How to use 使い方 Verb (causative form させ る ) られる くる こさせられる やる やらせられる",jlpt_n4,"仕事を辞めさせられた。
shigoto o yame saserareta.
I was forced to quit my job.","息子は退学させられた。
musuko wa taigaku saserareta.
My son was expelled from school.","彼女に2時間も待たせられた。
kanojo ni 2 jikan mo mata serareta.
She made me wait over 2 hours.","その映画は考えさせられる。
sono eiga wa kangae saserareru.
That movie makes you think.","毎日母に野菜を食べさせられる。
mainichi haha ni yasai o tabe saserareru.
Every day, my mother forces me to eat vegetables."
させる(saseru),causative form; to make/let somebody do something,"Meaning 意味 causative form; to make/let somebody do something
example sentences
vocabulary list
related grammar
Level: JLPT N4
How to use 使い方 Ru-verb る -> させる U-verb (ない form) ない -> せる する させる やる やらせる くる こさせる",jlpt_n4,"母は私に自分の部屋を片付けさせた。
haha wa watashi ni jibun no heya o katadzuke saseta.
My mother made me clean up my own room.","この仕事は部下にやらせます。
kono shigoto wa buka ni yarasemasu.
I'll make one of my subordinates do this task.","君を泣かせるつもりはなかった！
kimi o nakaseru tsumori wa nakatta!
I didn't mean to make you cry!","僕にやらせてください
boku ni yarasete kudasai.
Please allow me to do it.","息子はアニメを見たがっていますが、宿題が終わっていないので、見させません。
musuko wa anime o mitagatteimasu ga, shukudai ga owatteinai node, misasemasen.
My son wants to watch anime, but he hasn't finished his homework, so I won't let him watch it.."
させてください(sasete kudasai),please let me do,"Meaning 意味 please let me do
example sentences
vocabulary list
related grammar
Level: JLPT N4
How to use 使い方 Verb (causative て form) ください",jlpt_n4,"質問させてください。
shitsumon sasete kudasai.
Please allow me to ask you a question.","私のことをあなたに話させてください。
watashi no koto o anata ni hanasasete kudasai.
Please let me tell you about myself.","ちょっと調子が悪いので、早く帰らせてください。
chotto choushi ga warui node, hayaku kaerasete kudasai.
I'm not feeling well, so please let me head home early.","返事をする前にちょっと考えさせてください。
henji o suru mae ni chotto kangae sasete kudasai.
Please let me think a bit before I give you my answer.","私に何かお手伝いさせてください。
watashi ni nani ka otetsudai sasete kudasai.
Please let me help with something."
し(shi),and; and what’s more ~ (emphasis),"Meaning 意味 and; and what’s more ~ (emphasis)
example sentences
vocabulary list
related grammar
Level: JLPT N4
Tags: Japanese conjunctions , Japanese particles
How to use 使い方 Verb (casual) し Noun + だ な-adjective + だ い-adjective",jlpt_n4,"このコートは色がきれいだし、好きなデザインだし。買いたいですよ。
kono kooto wa iro ga kirei da shi, sukina dezain da shi. kaitai desu yo.
This coat has a beautiful color and I like the design. I really want to buy it.","今日は週末だったし、天気が良かったので、公園は人が多かったです。
kyou wa shuumatsu datta shi, tenki ga yokatta node, kouen wa hito ga ookatta desu.
It's the weekend and the weather is nice so the park was packed with people","彼は勉強ができるしスポーツも上手だし、私の好きなタイプだ。
kare wa benkyou ga dekiru shi, supo-tsu mo jouzu da shi, watashi no suki na taipu da.
He's smart and good at sports, definitely my type.","彼女は料理は上手いし、性格はいいし、理想の奥さんだ。
kanojo wa ryouri wa umai shi, seikaku wa ii shi, risou no okusan da.
She cooks well and has a good personality, she's the ideal wife.","お腹が空いたし、のどがかわいたし、何か食べたいです。
onaka ga suita shi, nodo ga kawaita shi, nani ka tabetai desu.
I'm hungry and thirsty, I want to eat something."
そんなに(sonna ni),so much; so; like that,"Meaning 意味 so much; so; like that
example sentences
vocabulary list
related grammar
Level: JLPT N4
Tags: Japanese adverbs
How to use 使い方 そんなに Verb な-adjective い-adjective",jlpt_n4,"昨日はそんなに忙しくなかった。
kinou wa sonna ni isogashiku nakatta.
Yesterday was not so busy.","日本語はそんなに難しくないよ。
nihongo wa sonna ni muzukashi kunai yo.
Japanese is not that difficult..","肉はそんなに好きではありません。
niku wa sonna ni suki dewa arimasen.
I don’t like meat that much.","そんなにがっかりするな。もう一度やり直しなさい。
sonna ni gakkari suru na. mou ichido yarinaoshi nasai.
Don’t be so disappointed. Try again one more time.","私のことがそんなに大切なの？
watashi no koto ga sonna ni taisetsu na no.
Do I really mean that much to you?"
それでも(sore demo),but still; and yet; even so ~,"Meaning 意味 but still; and yet; even so ~
example sentences
vocabulary list
related grammar
Level: JLPT N4
Tags: Japanese conjunctions
How to use 使い方 Phrase 1 それでも Phrase 2",jlpt_n4,"それでもいいですか？
sore demo ii desu ka?
Is that still OK with you?","それでもあなたのことが好き。
sore demo anata no koto ga suki.
I still love you anyway.","外は大雨だ。それでも出かけないといけない。
soto wa ooame da. sore demo dekakenai to ikenai.
There's heavy rain outside, but even so I still need to head out.","彼はテストの準備をしていなかった。それでも合格した。
kare wa tesuto no junbi o shite inakatta. sore demo goukaku shita.
He didn't prepare for the test, but even so he still passed..","あの大学は絶対無理だと言われた。それでも僕は受けるつもりだ。
ano daigaku wa zettai muri dato iwareta. sore demo boku wa ukeru tsumori da.
Everyone says that university is impossible to get into. Even so, I plan to apply."
そうに / そうな(sou ni / sou na),seems like; looks like ~,"Meaning 意味 seems like; looks like ~
example sentences
vocabulary list
related grammar
Level: JLPT N4
Tags: stem form grammar , suffix
How to use 使い方 Verb ます (stem form) そうに + Noun/Verb そうな + Noun/Verb な-adjective + だ い-adjective + い",jlpt_n4,"楽しそうに見える。
tanoshi sou ni mieru.
You look like you are having fun.","楽しそうに見えた。
tanoshi sou ni mieta.
You looked like you were having fun.","彼は忙しそうに見えます。
kare wa isogashi sou ni miemasu.
He looks busy.","彼はつまらなそうに映画を見ている。
kare wa tsumarana sou ni eiga o miteiru.
He seems really bored watching the movie.","彼女は楽しそうな人です。
kanojo wa tanoshi sou na hito desu.
She seems like a very fun person."
たところ(ta tokoro),"just finished doing, was just doing","Meaning 意味 just finished doing, was just doing
example sentences
vocabulary list
related grammar
Level: JLPT N4
Tags: ところ expressions
How to use 使い方 Verb (た form) ところ",jlpt_n4,"今起きたところです。
ima okita tokoro desu.
I just woke up.","昼ごはんを食べたところです。
hirugohan o tabeta tokoro desu.
I was just eating lunch.","アメリカから日本に戻ったところです。
amerika kara nihon ni modotta tokoro desu.
I just returned to Japan from America.","駅に着いた時、ちょうど電車が出たところでした。
eki ni tsuita toki, choudo densha ga deta tokoro deshita.
I arrived at the station just as the train left.","あなたのことを話したところだよ。
anata no koto o hanashita tokoro da yo.
We were just talking about you."
他動詞 & 自動詞(tadoushi & jidoushi),Transitive & Intransitive Verbs,"Meaning 意味 Transitive & Intransitive Verbs
example sentences
vocabulary list
related grammar
Level: JLPT N4
How to use 使い方 see rules below",jlpt_n4,,,,,
たがる(tagaru),wants to do ~ (third person),"Meaning 意味 wants to do ~ (third person)
example sentences
vocabulary list
related grammar
Level: JLPT N4
How to use 使い方 Verb (たい form) た い がる がっている がった がらない",jlpt_n4,"その子が家に帰りたがっている。
sono ko ga ie ni kaeri tagatteiru.
That kid seems like he wants to go home.","木村さんが、あなたに会いたがっていましたよ。
kimura-san ga, anata ni ai tagatte imashita yo.
Kimura-san wanted (wants) to see you.","娘は新しいi-phoneを買いたがっています。
musume wa atarashii i-phone o kaitagatteimasu.
My daughter wants to buy the new i-phone.","息子が塾に行きたがらない。
musuko ga juku ni iki tagaranai.
My son is reluctant to go to cram school.","息子はアニメを見たがっていますが、宿題が終わっていないので、見させません。
musuko wa anime o mitagatteimasu ga, shukudai ga owatteinai node, misasemasen.
My son wants to watch anime, but he hasn't finished his homework, so I won't let him watch it.."
たら(tara),if; after; when ~,"Meaning 意味 if; after; when ~
example sentences
vocabulary list
related grammar
Level: JLPT N4
Tags: Japanese conjunctions , Japanese particles
How to use 使い方 Verb (た form) ら Noun + だった な-adjective + だった い-adjective + い かった",jlpt_n4,"お金があったら、旅行します。
okane ga attara, ryokou shimasu.
If I had money, I would go travel.","一口食べたら、きっと好きになるよ。
hitokuchi tabetara, kitto suki ni naru yo.
Taste one bite, and you will surely like it!","時間がなかったら、テレビを見ません。
jikan ga nakattara, terebi o mimasen.
If I had no time, I wouldn't watch any TV.","安かったら、パソコンを買いたいです。
yasukattara, pasokon o kaitai desu.
If it's cheap, I'd like to buy a computer.","暇だったら、手伝ってください。
hima dattara, tetsudatte kudasai.
If you're free, please help me out."
たらいいですか(tara ii desu ka),what should I do?; speaker seeking instructions from listener,"Meaning 意味 what should I do?; speaker seeking instructions from listener
example sentences
vocabulary list
related grammar
Level: JLPT N4
Tags: Japanese conjunctions
How to use 使い方 Verb (た form) らいいですか",jlpt_n4,"どうしたらいいですか？
dou shitara ii desu ka?
What should I do?","どこに行ったらいいですか。
doko ni ittara ii desu ka.
Where should I go?","何を食べたらいいですか。
nani o tabetara ii desu ka.
What should I eat?","この本はいつまでに返したらいいですか。
kono hon wa itsu made ni kaeshitara ii desu ka.
When do you need me to return this book to you?","私はどの駅で降りたらいいですか？
watashi wa dono eki de oritara ii desu ka?
Which station should I get off at?"
て / で(te / de),"conjunctive particle; so; because of [A], [B]...","Meaning 意味 conjunctive particle; so; because of [A], [B]...
example sentences
vocabulary list
related grammar
Level: JLPT N4
Tags: auxiliary , Japanese conjunctions , Japanese particles
How to use 使い方 Verb (て form) Noun +で (usually bad things) な-adjective + で い-adjective + い くて",jlpt_n4,"最近は忙しくてあまり運動をしていない。
saikin wa isogashi kute amari undou o shiteinai.
Lately, I've been busy and so I haven't been working out.","自転車のカギをなくして、家まで歩いて帰った。
jitensha no kagi o nakushite, ie made aruite kaetta.
I lost the key to my bicycle, so I walked home.","あの教室のドアは古くて開けにくいです。
ano kyoushitsu no doa wa furukute ake nikui desu.
The door in that classroom is old and hard to open.","パソコンの調子が悪くて、仕事ができなかった。
pasokon no choushi ga waru kute, shigoto ga deki nakatta.
My computer was acting up and I wasn't able to do any work.","日本に来てから半年をたった。家族に会えなくて寂しい。
nihon ni kite kara hantoshi o tata. kazoku ni aenakute sabishii.
A half-year has passed since I came to Japan. Since I can't see my family, I am a little lonely."
てあげる(te ageru),to do for; to do a favor,"Meaning 意味 to do for; to do a favor
example sentences
vocabulary list
related grammar
Level: JLPT N4
How to use 使い方 Verb (て form) あげる あげた あげない あげます",jlpt_n4,"母にセーターを買ってあげた。
haha ni seetaa o katte ageta.
I bought my mother a sweater.","いいよ，僕がやってあげるよ。
iiyo, boku ga yatte ageru yo.
No problem, I'll do it for you.","車に君を乗せてあげる。
kuruma ni kimi o nosete ageru.
I'll give you a ride (by car).","君に見せてあげたかったよ。
kimi ni misete agetakatta yo.
I wanted to show it to you.","私はあなたにそれを教えてあげない。
watashi wa anata ni sore o oshiete agenai.
I won't tell you that."
てほしい(te hoshii),I want you to; need you to ~,"Meaning 意味 I want you to; need you to ~
example sentences
vocabulary list
related grammar
Level: JLPT N4
How to use 使い方 Verb (て form) ほしい 欲しい Verb (ないで form) Related Kanji 漢字 N3 Kanji: 欲 (yoku, hoshii) Meaning: longing, greed, passion",jlpt_n4,"日本語を教えてほしいです。
nihongo o oshiete hoshii desu.
I want you to teach me Japanese.","先生には、もっとゆっくり話してほしいです。
sensei ni wa, motto yukkuri hanashite hoshii desu.
I wish the teacher would speak more slowly","あなたに見てほしい写真を持っています。
anata ni mite hoshii shashin o motteimasu.
I have a picture I want you to see.","ぜひ私と一緒に来てほしい。
zehi watashi to isshoni kite hoshii.
I'd love for you to come with me.","私に何をしてほしいのですか?
watashi ni nani o shite hoshii no desu ka?
What do you want me to do?"
ていく(te iku),to start; to continue; to go on,"Meaning 意味 to start; to continue; to go on
example sentences
vocabulary list
related grammar
Level: JLPT N4
How to use 使い方 Verb (て form) いく いきます いった いきました",jlpt_n4,"歩いていく。
aruite iku.
to walk / to go by walking / to start walking","彼は毎日駅まで歩いていきます。
kare wa mainichi eki made aruite ikimasu.
He walks to the station every day.","船は港を出ていった。
fune wa minato o detteita.
The ship pulled out of the harbor.","彼は京都へ引っ越していった。
kare wa kyouto he hikkoshite itta.
He moved to Kyoto.","今年はあっという間に過ぎていく。
kotoshi attoiuma ni sugite iku.
This year is going by really fast."
ていた(te ita),was doing something (past continuous),"Meaning 意味 was doing something (past continuous)
example sentences
vocabulary list
related grammar
Level: JLPT N4
How to use 使い方 Verb (て form) いた いました",jlpt_n4,"彼女はオレンジを食べていた。
kanojo wa orenji o tabeteita.
She was eating an orange.","今日は家でゆっくりしていました。
kyou wa ie de yukkuri shiteimashita.
I relaxed at home today.","私は一晩中泣いていた。
watashi wa hitobanjuu naiteita.
I cried all night.","彼はこのニュースを心配していた。
kare wa kono nyuusu o shinpai shiteita.
He was worried about this news.","今朝、自分の部屋を掃除していました。
kesa, jibun no heya o souji shiteimashita.
I cleaned my room this morning."
ていただけませんか(te itadakemasen ka),could you please ~,"Meaning 意味 could you please ~
example sentences
vocabulary list
related grammar
Level: JLPT N4
Tags: ～か
How to use 使い方 Verb (て form) いただけませんか",jlpt_n4,"写真を取っていただけませんか。
shashin o totte itadake masen ka.
Could you take a picture please?","ちょっと待っていただけませんか。
chotto matte itadake masen ka?
Could you please wait a moment?","もう少しゆっくり話していただけませんか。
mou sukoshi yukkuri hanashite itadake masen ka?
Could you please speak a little bit more slowly?","いい先生を紹介していただけませんか？
ii sensei o shoukai shite itadake masen ka？
Could you please introduce me to a good teacher?","荷物を持ってきていただけませんか？
nimotsu o motte kite itadake masen ka？
Could you please carry my luggage?"
てくれる(te kureru),to do a favor; do something for someone,"Meaning 意味 to do a favor; do something for someone
example sentences
vocabulary list
related grammar
Level: JLPT N4
How to use 使い方 Verb (て form) くれる くれます くれない くれた くれました",jlpt_n4,"手伝ってくれる？
tetsudatte kureru?
Will you help me?","彼ならやってくれる。
kare nara yatte kureru.
We can count on him to help us.","母は僕に毎日弁当を作ってくれる。
haha wa boku ni mainichi bentou o tukutte kureru.
My mom makes my bento lunch for me every day.","手を貸してくれますか？
te o kashite kuremasu ka?
Will you please help me out?","私に日本語を教えてくれますか？
watashi ni nihongo o oshiete kuremasu ka?
Will you please teach me Japanese?"
てくる(te kuru),to do… and come back; to become; to continue; to start ~,"Meaning 意味 to do… and come back; to become; to continue; to start ~
example sentences
vocabulary list
related grammar
Level: JLPT N4
How to use 使い方 Verb (て form) くる きた きます きました",jlpt_n4,"見えてくる。
miete kuru
To come into view (to start coming into view/ to continue coming into view)","雨が降ってきた。
ame ga futte kita.
It started raining.","戻ってきたよ!
modotte kita!
I'm back!","お腹がすいてきた。
onaka ga suite kita.
I'm hungry / I'm starting to get hungry.","ここまで歩いてきました。
koko made aruite kimashita.
I came here by foot."
てみる(te miru),try doing,"Meaning 意味 try doing
example sentences
vocabulary list
related grammar
Level: JLPT N4
How to use 使い方 Verb (て form) みる みます みたい",jlpt_n4,"やってみる！
yatte miru!
I'll give it a shot! / Here goes nothing!","これを使ってみる。
kore o tsukatte miru.
I'll try using this.","やってみないと分からない。
yatte minai to wakaranai.
You'll never know until you try.","いつか海外に行ってみたいな。
itsuka kaigai ni itte mitai na.
One day I'd like to try going abroad.","おいしいかどうかわからないので、試しに食べてみます。
oishii ka dou ka wakaranai node, tameshi ni tabete mimasu.
I don't know if this is tasty or not, so I'm gonna give it a try."
てもらう(te morau),to get somebody to do something,"Meaning 意味 to get somebody to do something
example sentences
vocabulary list
related grammar
Level: JLPT N4
How to use 使い方 Verb (て form) もらう もらいます もらいたい もらわない もらいません",jlpt_n4,"彼に来てもらう。
kare ni kite morau.
I will have him come.","先生に作文を直してもらう。
sensei ni sakubun o naoshite morau.
I'll have my teacher check my writing/essay.","あなたにぜひ見てもらいたいものがある。
anata ni zehi mite moraitai mono ga aru.
There's something I want you to look at.","彼は病院でみてもらう必要がある。
kare wa byouin de mite morau hitsuyou ga aru.
He requires hospital care.","母に車で送ってもらった。
haha ni kuruma de okutte moratta.
I had my mom drive me there."
ておく(te oku),to do something in advance,"Meaning 意味 to do something in advance
example sentences
vocabulary list
related grammar
Level: JLPT N4
How to use 使い方 Verb (て form) おく おきます おいて",jlpt_n4,"お弁当を作っておいたよ。
obentou o tsukutte oita yo.
I made your bento (lunch box) already.","出かける前に何か食べておこう。
dekakeru mae ni nanika tabete okou.
Let's eat something before we head out.","旅行の前に切符を買っておきます。
ryokou no mae ni kippu o katte okimasu.
I will buy the tickets before the trip.","お母さんには内緒にしておくね。
okaasan ni wa naisho ni shite oku ne.
I will keep it a secret with mom, okay?","来週の試験のため、漢字を勉強しておきました。
raishuu no shiken no tame, kanji o benkyou shite okimashita.
I studied my kanji in preparation for next week's exam."
てしまう / ちゃう(te shimau / chau),"to do something by accident, to finish completely","Meaning 意味 to do something by accident, to finish completely
example sentences
vocabulary list
related grammar
Level: JLPT N4
How to use 使い方 Verb (て form) しまう しまいます しまった Verb (て form) ちゃう ちゃった Verb (で form) じゃう じゃった",jlpt_n4,"仕事は全部終わってしまいました。
shigoto wa zenbu owatte shimai mashita.
I've finished with all of my work.","疲れが出たので、寝ちゃった。
tsukare ga deta node, nechatta.
I was tired and so I fell asleep.","パスポートをなくしてしまいました。
pasupooto o nakushite shimai mashita.
I've lost my passport..","漢字の宿題はもうやってしまいました。
kanji no shukudai wa mou yatte shimai mashita.
I've already finished my kanji homework.","明日までに宿題をしちゃいます。
ashita made ni shukudai o shichaimasu.
I will finish my homework by tomorrow."
てすみません(te sumimasen),I’m sorry for,"Meaning 意味 I’m sorry for
example sentences
vocabulary list
related grammar
Level: JLPT N4
How to use 使い方 Verb (て form) すみません",jlpt_n4,"遅れてすみません。
okurete sumimasen.
I'm sorry for being late.","心配をかけてすみません。
shinpai o kakete sumimasen.
I apologize for causing you concern.","電話に出れなくてすみません。
denwa ni derenakute sumimasen.
I am sorry that I couldn't answer the phone.","あなたのお弁当を食べてすみません。
anata no obentou o tabete sumimasen.
I’m sorry for eating your lunch box.","返事が遅くなってすみませんでした。
henji ga osoku natte sumimasen deshita.
I'm sorry for replying so late."
てよかった(te yokatta),I’m glad that ~,"Meaning 意味 I’m glad that ~
example sentences
vocabulary list
related grammar
Level: JLPT N4
How to use 使い方 Verb (て form) よかった",jlpt_n4,"行ってよかった！
itte yokatta!
I'm glad I went!","これを買ってよかった。
kore o katte yokatta.
I'm glad I bought this.","私はあなたと出会えてよかった。
watashi wa anata to deaete yokatta.
I am glad that I was able to meet you.","財布を見つかってよかったですね。
saifu o mitsukatte yokatta desu ne.
It's a good thing you found your wallet, eh?","君が無事に帰ってよかった。
kimi ga buji ni kaette yokatta.
I'm glad you returned home safely."
ても(temo),even; even if; even though ~,"Meaning 意味 even; even if; even though ~
example sentences
vocabulary list
related grammar
Level: JLPT N4
Tags: Japanese particles , ても expressions
How to use 使い方 Verb (て form) も Noun + で な-adjective + で い-adjective + い くて",jlpt_n4,"たくさん食べても、お腹が空きます。
takusan tabetemo, onaka ga sukimasu.
Even if I eat a lot, I still feel hungry.","日曜日でも、働きます。
nichiyoubi demo, hatarakimasu.
I work even on Sundays.","子どもでもできることよ。
kodomo demo dekiru koto yo.
Even children can do this.","必要なので、高くても買います。
hitsuyou nano de, takaku temo kaimasu.
I need this, so I'll still buy it even if it's expensive.","これは多いですよ。がんばっても食べ切れない。
kore wa ooi desu yo. ganbattemo tabe kirei nai.
There is too much.. Even if I give it my all I can't eat everything."
と(to),"whenever [A] happens, [B] also happens","Meaning 意味 whenever [A] happens, [B] also happens
example sentences
vocabulary list
related grammar
Level: JLPT N4
Tags: Japanese conjunctions , Japanese particles
How to use 使い方 Verb (dictionary / ない form) と Noun + だ な-adjective + だ い-adjective + い",jlpt_n4,"ラーメンを毎日食べると太りますよ。
raamen o mainichi taberu to futorimasu yo.
If you eat ramen everyday, you're gonna gain weight.","寝る前に甘い物を食べると虫歯になります。
neru mae ni amai mono o taberu to mushiba ni narimasu.
If you eat sweets before going to bed, you will get a cavity.","私の彼氏は酒を飲むと顔が赤くなる。
watashi no kareshi wa sake o nomu to kao ga akaku naru.
Whenever my boyfriend drinks, his face gets red.","勉強するの場所が静かだとよく集中できます。
benkyou suru no basho ga shizuka da to yoku shuuchuu dekimasu.
When the place I study at is quiet, I am able to concentrate very well.","このボタンを押すと、両方のドアが開きますよ。
kono botan o osu to, ryouhou no doa ga akimasu yo.
If you press this button, both doors will open."
と言ってもいい(to ittemo ii),you could say; one might say; I'd say ~,"Meaning 意味 you could say; one might say; I'd say ~
example sentences
vocabulary list
related grammar
Level: JLPT N4
Tags: Japanese conjunctions
How to use 使い方 phrase と言ってもいい といっても",jlpt_n4,"それはよい買い物だったといってもいいでしょう。
sore wa yoi kaimono to ittemo ii deshou.
I'd say it was a good buy.","彼はやさしいが，だまされやすいといってもいい。
kare wa yasashii ga, damasare yasui to ittemo ii.
He's a kind person, but could be said to be a bit easy to be deceived.","それはいい考えだ。いや，すばらしいといってもいいだろう。
sore wa ii kangae da. iya, subarashii to ittemo ii darou.
That's a good idea, even brilliant I might say..","それまでの中で一番の旅だったと言ってもいいでしょう。
sore made no naka de ichiban no tabi datta to ittemo ii deshou.
I'd say that was the best trip I had ever taken.","彼女はネイティブと言ってもいいくらい日本語が上手だ。
kanojo wa neitibu to ittemo ii kurai nihongo ga jouzu da.
Her Japanese is so good you could say she's like a native speaker."
という(to iu),called; named; that ~,"Meaning 意味 called; named; that ~
example sentences
vocabulary list
related grammar
Level: JLPT N4
Tags: Japanese particles
How to use 使い方 Noun と言う という と言います といいます Phrase",jlpt_n4,"この犬はバディーという名前です。
kono inu wa badii to iu namae desu.
This dog is called ""Buddy"".","昨日、トムという人に会いました。
kinou, tomu to iu hito ni aimashita.
Yesterday, I met a person called Tom.","明日という日もある。
ashita to iu hi mo aru.
There's always tomorrow.","あなたにとって日本という国はどういう国ですか？
anata ni totte nihon to iu kuni wa dou iu kuni desu ka?
What kind of country is Japan to you?","英語で「宿題」は、なんといいますか？
eigo de 「shukudai」wa, nan to ii masu ka?
How do you say ""shukudai"" (homework) in English?"
ということ(to iu koto),convert phrase into noun,"Meaning 意味 convert phrase into noun
example sentences
vocabulary list
related grammar
Level: JLPT N4
Tags: こと expressions
How to use 使い方 Verb (casual) ということ Noun + だ な-adjective + だ い-adjective",jlpt_n4,"あなたが私の声が好きだということがとても嬉しいです。
anata ga watashi no koe ga suki da to iu koto ga totemo ureshii desu.
I'm so glad you like my voice.","あなたが会社をやめるということは本当ですか。
anata ga kaisha o yameru to iu koto wa hontou desuka?
Is it true that you're quitting the company?","彼は怖いということを知らない。
kare wa kowai to iu koto o shiranai.
He does not know what fear is.","つまり、あなたは同じ本をまた読みたいということ？
tsumari, anata wa onaji hon o mata yomitai to iu koto?
Do you mean you want to read the same book again?","彼は友だちができるかということを心配している。
kare wa tomodachi ga dekiru ka to iu koto o shinpai shite iru.
I'm worried about if he will be able to make friends."
と言われている(to iwarete iru),it is said that ~,"Meaning 意味 it is said that ~
example sentences
vocabulary list
related grammar
Level: JLPT N4
How to use 使い方 Verb (casual, past) と言われている Noun + だ Adjective (standard, past) Related Kanji 漢字 N4 Kanji: 言 (gen, koto) say",jlpt_n4,"彼は天才だと言われている。
kare wa tensai da to iwareteiru.
He is said to be a genius.","彼は来月に退職すると言われている。
kare wa raigetsu ni taishoku suru to iwarete iru.
It's being said that he will quit next month.","女性は男性より長生きだと言われている。
josei wa dansei yori nagaiki da to iwarete iru.
It is said that women live longer than men.","彼女の母親は有名な作家だと言われている。
kanojo no hahaoya wa yuumei na sakka da to iwarete iru.
Her mother is said to be a famous writer.","彼は若い時には体が弱かったと言われている。
kare wa wakai toki ni wa karada ga yowakatta to iwarete iru.
It is said that he had a weak body when he was young."
と思う(to omou),to think…; I think…; you think…,"Meaning 意味 to think…; I think…; you think…
example sentences
vocabulary list
related grammar
Level: JLPT N4
How to use 使い方 Verb と思う と思います と思わない と思いません Noun + だ な-adjective + だ い-adjective",jlpt_n4,"きれいだと思わない？
kirei da to omowanai?
Don't you think it's beautiful?","それはかなりむずかしいと思います。
sore wa kanari muzukashii da to omoimasu.
I think that is extremely difficult.","今日は午後から雨が降ると思います。
kyou wa gogo kara ame ga furu to omoimasu.
I think it will rain today from the afternoon.","この問題、テストに出ると思いますか。
kono mondai, tesuto ni deru to omoimasu ka.
Do you think this problem will be on the test?","日本に留学しようと思っています。
nihon ni ryuugaku shiyou to omotte imasu.
I'm thinking to go study abroad in Japan."
とか～とか(toka~toka),among other things; such as; like ~,"Meaning 意味 among other things; such as; like ~
example sentences
vocabulary list
related grammar
Level: JLPT N4
Tags: Japanese conjunctions , Japanese particles
How to use 使い方 Verb (dictionary form) + とか Verb (dictionary form) + とか Noun + とか Noun + とか",jlpt_n4,"趣味とかありますか？
shumi toka arimasu ka?
Do you have any hobbies (or anything else you do)","私はおすしとかラーメンとか日本料理が好きです。
watashi wa osushi to ka raamen to ka nihon ryouri ga daisuki desu.
I love Japanese food, like sushi, ramen, etc.","このイベントでは、バーベキューとかゲームとかをします。
kono ibento de wa, baabekyuu toka geemu to ka o shimasu..
At this event we will do things like barbecue and play games.","毎日、5分とか、10分とかでもいいので、運動をしたほうがいいですよ。
mainichi, 5 fun toka, 10 pun toka demo ii node, undou o shita hou ga ii desu yo.
You should work out every day, even just 5 to 10 minutes is OK.","毎日、仕事とか、会議とかでとても忙しい。
mainichi, shigoto toka, kaigi toka de totemo isogashii.
I'm busy every day with (things like) work and meetings."
ところ(tokoro),just about to; on the verge of doing something,"Meaning 意味 just about to; on the verge of doing something
example sentences
vocabulary list
related grammar
Level: JLPT N4
Tags: suffix , ところ expressions
How to use 使い方 Verb (casual, non-past) ところ",jlpt_n4,"今、出かけるところです。
ima, dekakeru tokoro desu.
I am just about to leave.","これから料理を作るところです。
kore kara ryouri o tsukuru tokoro desu.
I am about to start cooking.","今からお風呂に入るところです。
ima kara ofuro ni hairu tokoro desu.
I am about to take a bath.","もう少しで信じるところだった。
mou sukoshi de shinjiru tokoro datta.
I was really close to believing it.","「昼ごはんはもう食べましたか。」「いいえ、これから食べるところです。」
""Have you eaten luch already?""""Nope, I'm about to eat from now."""
続ける(tsuzukeru),continue to; keen on ~,"Meaning 意味 continue to; keen on ~
example sentences
vocabulary list
related grammar
Level: JLPT N4
Tags: stem form grammar
How to use 使い方 Verb (ます stem) ます 続ける 続けている 続けた Related Kanji 漢字 N3 Kanji: 続 (zoku, tsuzuku) continue",jlpt_n4,"昨日から雨が降り続けている。
kinou kara ame ga furi tsuzukete iru.
It's been raining nonstop since yesterday.","父からもらった自転車を今も使い続けています。
chichi kara moratta jitensha o ima mo tsukai tsuzukete imasu.
I still use the bicycle that my father gave to me even now.","彼女は彼氏の話をしゃべり続けた。
kanojo wa kareshi no hanashi o shaberi tsuzuketa.
She continued talking about her boyfriend.","それをやり続けたほうがいいのかもしれない。
sore o yari tsuzuketa hou ga ii no kamoshirenai.
It might be better for me to keep doing that.","どんなに大変だったとしても、やり続けることが大切です。
donnani taihen datta toshitemo, yari tsuzukeru koto ga taisetsu desu.
No matter how tough things get, it's important to stay consistent with what you're doing."
って(tte),named; called ~,"Meaning 意味 named; called ~
example sentences
vocabulary list
related grammar
Level: JLPT N4
Tags: Japanese particles
How to use 使い方 Noun って っていう",jlpt_n4,"これはたい焼きっていう食べ物だよ。
kore wa taiyaki tte iu tabe mono da yo.
This is a food called ""taiyaki"".","コストコってスーパーに行ったことがありますか。
kosutoko tte suupaa ni itta koto ga arimasu ka?
Have you ever been to the supermarket (called) Costco?","みんなの日本語って教科書がだれでも知っているね。
minna no nihongo tte kyoukasho ga dare demo shitte iru ne.
Everyone knows the Japanese textbook ""minna no nihongo"", right?","これは日本語でじゃんけんっていうゲームだよ。
kore wa nihongo de janken tte iu geemu da yo.
This is a game called ""janken"" in Japanese.","ドラゴンボールっていうマンガが一番好きだ。
doragon booru tte iu manga ga ichiban suki da.
Dragon Ball is my favorite manga."
やすい(yasui),easy to; likely to; prone to; have a tendency to ~,"Meaning 意味 easy to; likely to; prone to; have a tendency to ~
example sentences
vocabulary list
related grammar
Level: JLPT N4
Tags: stem form grammar
How to use 使い方 Verb ます (stem form) やすい",jlpt_n4,"日本語は分かりやすいです。
nihongo wa wakari yasui desu.
Japanese is easy to understand.","先生の声が聞きやすいです。
sensei no koe ga kiki yasui desu.
The teacher's voice is easy to hear / easy to listen to.","ひらがなは漢字より書きやすいです。
hiragana wa kanji yori kaki yasui desu.
Hiragana is easier to write than kanji.","光に感じやすい。
hikari ni kanji yasui.
To be sensitive to light.","彼女はカゼを引きやすいです。
kanojo wa kaze o hiki yasui desu.
She is prone to getting colds."
やっと(yatto),at last; finally; barely; narrowly ~,"Meaning 意味 at last; finally; barely; narrowly ~
example sentences
vocabulary list
related grammar
Level: JLPT N4
Tags: Japanese adverbs
How to use 使い方 やっと phrase",jlpt_n4,"やっとレポートを書き上げた。
yatto repooto o kaki ageta.
I finally finished writing my report.","私はやっと家に帰ることが出来る。
watashi wa yatto ie ni kaeru koto ga dekiru.
I can finally return home!","社長の長い話がやっと終わった。
shachou no nagai hanashi ga yatto owatta.
The company president's long story finally ended.","やっと自転車に乗れるようになりました。
yatto jitensha ni noreru youni narimashita.
I finally learned how to ride a bicycle!","『おはようございます。今日はいい天気ですね。』『おはよう。やっと晴れたね。』
""Good morning! Today's weather is nice, isn't it?""""Morning. Indeed, the sun finally came out."""
より(yori),than; rather than; more than ~,"Meaning 意味 than; rather than; more than ~
example sentences
vocabulary list
related grammar
Level: JLPT N4
Tags: Japanese adverbs , Japanese particles
How to use 使い方 [A]より[B] OR より + adjective",jlpt_n4,"今日は昨日より暑いです。
kyou wa kinou yori atsui desu.
Today is more hot than yesterday.","最近、円はドルより安い。
saikin, en wa doru yoru yasui.
Lately the Yen is cheaper than the dollar.","今は恋愛より仕事だ。
ima wa renai yori shigoto da.
I'm more interested in work than love right now.","彼女は、私より料理が上手。
kanojo wa watashi yori ryouri ga jouzu.
She's better at cooking than I am.","それより安くは売られません。
sore yori yasuku wa uraremasen.
I can't sell it for any less (more cheap) than that."
ようだ(you da),appears; seems; looks as if ~,"Meaning 意味 appears; seems; looks as if ~
example sentences
vocabulary list
related grammar
Level: JLPT N4
Tags: auxiliary , suffix , よう expressions
How to use 使い方 Verb (casual) ようだ Noun + の な-adjective + な い-adjective",jlpt_n4,"雨のようだ。
ame no you da.
It looks like rain..","そのようだ。
sono you da.
It seems to be that way.","今日は寒くなるようだ。
kyou wa samuku naru you da.
It looks like it's gonna get pretty cold today.","彼女はうれしくないようだ。
kanojo wa ureshikunai you da.
She doesn't seem happy.","だいぶ変わったようだな。
daibu kawatta you da na.
(it) seems to have changed considerably"
ように / ような(you ni / you na),like; as; similar to ~,"Meaning 意味 like; as; similar to ~
example sentences
vocabulary list
related grammar
Level: JLPT N4
Tags: よう expressions
How to use 使い方 Verb (casual) ように ような Noun + の",jlpt_n4,"犬のように働いている。
inu no you ni hataraiteiru.
I'm working like a dog","その二人は燃えるような愛がありますね。
sono futari wa moeru you na ai ga arimasune.
Those two seem to have a smoldering-like love for each other.","彼は家族のためだけに生きていたように思える。
kare wa kazoku no tame dake ni ikiteita you ni omoeru.
He seemed to live only for his family in my opinion.","見えるように、このパソコンはとても古いですがまだ使われている。
mieru you ni, kono pasokon wa totemo furui desu ga mada tsukawareteiru.
As you can see, this computer is very old, but it's still being used.","私を子どものように扱わないで。
watashi o kodomo no you ni atsukawanaide.
Don't treat me as a kid."
ようになる(you ni naru),to reach the point that; to come to be that; to turn into ~,"Meaning 意味 to reach the point that; to come to be that; to turn into ~
example sentences
vocabulary list
related grammar
Level: JLPT N4
Tags: よう expressions
How to use 使い方 Verb (dictionary form) ようになる Verb (ない form)",jlpt_n4,"大きくなったら分かるようになるよ。
ookiku nattara wakaru you ni naru yo.
When you get older, you'll understand.","毎日練習すれば、泳げるようになります。
mainichi renshuu sureba, oyogeru youni narimasu.
If you practice everyday, you'll eventually be able to swim.","やっと自転車に乗れるようになりました。
yatto jitensha ni noreru youni narimashita.
I finally learned how to ride a bicycle!","たくさん勉強したので、日本語を話せるようになりました。
takusan benkyou shita node, nihongo o hanaseru youni narimashita.
I studied a lot and became able to speak Japanese.","薬を飲んで、よく寝られるようになりました。
kusuri o nonde, yoku nerareru youni narimashita.
I was able to sleep well after taking some medicine."
ようにする(you ni suru),to try to; to make sure that ~,"Meaning 意味 to try to; to make sure that ~
example sentences
vocabulary list
related grammar
Level: JLPT N4
Tags: よう expressions
How to use 使い方 Verb (dictionary form) ようにする ようにします ようにしている ようにしています Verb (ない form)",jlpt_n4,"明日早く起きるようにする。
ashita hayaku okiru you ni suru.
I'll try to wake up early tomorrow.","それを忘れないようにする。
sore o wasurenai you ni suru.
I'll be sure to remember that.","明日から仕事に行く前に毎日ラニングをするようにします。
ashita kara shigoto ni iku mae ni mainichi raningu o suru you ni shimasu.
From tomorrow I'm going to try to go running before work every day.","今日からお酒を飲まないようにします。
kyou kara osake o nomanai you ni shimasu.
I'm going to not drink alcohol anymore from today.","毎日歩くようにしている。
mainichi aruku you ni shiteiru.
I'm trying to walk every day."
ぜひ(zehi),by all means; certainly; definitely ~,"Meaning 意味 by all means; certainly; definitely ~
example sentences
vocabulary list
related grammar
Level: JLPT N4
Tags: Japanese adverbs
How to use 使い方 ぜひ 是非 Phrase Related Kanji 漢字 N1 Kanji: 是 (ze, shi, kore, kono, koko) Meaning: just so, this, right, justice",jlpt_n4,"私はぜひそこで働きたい。
watashi wa zehi soko de hatarakitai.
I would really like to work there.","ぜひ、今度うちへ遊びに来てください。
zehi, kondo uchi e asobi ni kite kudasai.
Definitely please come over to hang out sometime.","彼女はぜひそこへ行きたいと言った。
kanojo wa zehi soko e ikitai to itta.
She said that she was eager to go there.","日本に来きたら、ぜひ連絡してください。
nihon ni kitara, zehi renraku shite kudasai.
If you ever come to Japan, be sure to let me know!","ベトナムに旅行したら、ぜひフォーを食べてみたいです。
betonamu ni ryokou shitara, zehi foo o tabete mitai desu.
If I ever go to Vietnam, I would like to try eating Pho noodles."
づらい(zurai),difficult to do ~,"Meaning 意味 difficult to do ~
example sentences
vocabulary list
related grammar
Level: JLPT N4
Tags: stem form grammar
How to use 使い方 Verb (ます stem) ます づらい",jlpt_n4,"この質問には答えづらいです。
kono shitsumon niwa kotae zurai desu.
This question is difficult to answer.","この本は字が小さくて読みづらいです。
kono hon wa ji ga chiisakute yomi zurai desu.
This books print is too small, it's difficult to read.","彼女はつき合いづらい人だ。
kanojo wa tukiai zurai hito da.
She's a difficult person to get along with.","彼の説明がむずかしくて分かりづらいだった。
kare no setsumei ga muzukashikute wakari zurai datta.
His explanation was complicated and difficult to understand.","この漢字は覚えづらいです。
kono kanji wa oboe zurai desu.
This kanji is difficult to remember."
